Tickersymbol,YahooTicker,YahooExchange,CompanyName
ACRI A,ACRI-A.ST,Stockholm Stock Exchange,Yahoo Finance
ACRI B,ACRI-B.ST,Stockholm Stock Exchange,Yahoo Finance
ATIC,ATIC.ST,Stockholm Stock Exchange,Yahoo Finance
ACTI,.ST,Stockholm Stock Exchange,Yahoo Finance
ATORX,ATORX.ST,Stockholm Stock Exchange,Yahoo Finance
ANNE B,ANNE-B.ST,Stockholm Stock Exchange,Yahoo Finance
ANOT,ANOT.ST,Stockholm Stock Exchange,Yahoo Finance
ARPL,ARPL.ST,Stockholm Stock Exchange,Yahoo Finance
ACE,ACE.ST,Stockholm Stock Exchange,Yahoo Finance
B3,B3.ST,Stockholm Stock Exchange,Yahoo Finance
BALCO,BALCO.ST,Stockholm Stock Exchange,Yahoo Finance
BEGR,BEGR.ST,Stockholm Stock Exchange,Yahoo Finance
BERNER B,BERNER-B.ST,Stockholm Stock Exchange,Yahoo Finance
BORG,BORG.ST,Stockholm Stock Exchange,Yahoo Finance
BONG,BONG.ST,Stockholm Stock Exchange,Yahoo Finance
BOUL,BOULST,Stockholm Stock Exchange,Yahoo Finance
BULTEN,BULTEN.ST,Stockholm Stock Exchange,Yahoo Finance
CRAD B,CRAD-B.ST,Stockholm Stock Exchange,Yahoo Finance
CANTA,CANTA.ST,Stockholm Stock Exchange,Yahoo Finance
CARA,CARA.ST,Stockholm Stock Exchange,Yahoo Finance
CTM,CTMST,Stockholm Stock Exchange,Yahoo Finance
CNCJO B,CNCJO-B.ST,Stockholm Stock Exchange,Yahoo Finance
CTEK,CTEK.ST,Stockholm Stock Exchange,Yahoo Finance
DEDI,DEDI.ST,Stockholm Stock Exchange,Yahoo Finance
DORO,DORO.ST,Stockholm Stock Exchange,Yahoo Finance
DURC B,DURC-B.ST,Stockholm Stock Exchange,Yahoo Finance
EGTX,EGTX.ST,Stockholm Stock Exchange,Yahoo Finance
ELON,ELON.ST,Stockholm Stock Exchange,Yahoo Finance
ELTEL,ELTEL.ST,Stockholm Stock Exchange,Yahoo Finance
EG7,EG7.ST,Stockholm Stock Exchange,Yahoo Finance
ENRO,ENROST,Stockholm Stock Exchange,Yahoo Finance
EPIS B,EPIS-B.ST,Stockholm Stock Exchange,Yahoo Finance
EQL,EQLST,Stockholm Stock Exchange,Yahoo Finance
FASTAT,FASTAT.ST,Stockholm Stock Exchange,Yahoo Finance
FNM,FNMST,Stockholm Stock Exchange,Yahoo Finance
FING B,FING-B.ST,Stockholm Stock Exchange,Yahoo Finance
FPIP,FPIP.ST,Stockholm Stock Exchange,Yahoo Finance
G5EN,G5EN.ST,Stockholm Stock Exchange,Yahoo Finance
GARO,GARO.ST,Stockholm Stock Exchange,Yahoo Finance
HAKI A,HAKI-A.ST,Stockholm Stock Exchange,Yahoo Finance
HAKI B,HAKI-B.ST,Stockholm Stock Exchange,Yahoo Finance
HAV B,HAV-B.ST,Stockholm Stock Exchange,Yahoo Finance
IS,IS.ST,Stockholm Stock Exchange,Yahoo Finance
IMMNOV,IMMNOV.ST,Stockholm Stock Exchange,Yahoo Finance
IBT B,IBT-B.ST,Stockholm Stock Exchange,Yahoo Finance
INFREA,INFREA.ST,Stockholm Stock Exchange,Yahoo Finance
IRLAB A,IRLAB-A.ST,Stockholm Stock Exchange,Yahoo Finance
ISOFOL,ISOFOL.ST,Stockholm Stock Exchange,Yahoo Finance
K2A B,K2A-B.ST,Stockholm Stock Exchange,Yahoo Finance
K2A PREF,K2A-PREF.ST,Stockholm Stock Exchange,Yahoo Finance
KARNEL B,KARNEL-B.ST,Stockholm Stock Exchange,Yahoo Finance
KDEV,KDEV.ST,Stockholm Stock Exchange,Yahoo Finance
LAMM B,LAMM-B.ST,Stockholm Stock Exchange,Yahoo Finance
MAHA A,MAHA-A.ST,Stockholm Stock Exchange,Yahoo Finance
MEAB B,MEAB-B.ST,Stockholm Stock Exchange,Yahoo Finance
MANG,MANG.ST,Stockholm Stock Exchange,Yahoo Finance
MVIR,MVIR.ST,Stockholm Stock Exchange,Yahoo Finance
IMMU,IMMU.ST,Stockholm Stock Exchange,Yahoo Finance
MSAB B,MSAB-B.ST,Stockholm Stock Exchange,Yahoo Finance
MSON A,MSON-A.ST,Stockholm Stock Exchange,Yahoo Finance
MSON B,MSON-B.ST,Stockholm Stock Exchange,Yahoo Finance
MOB,MOBST,Stockholm Stock Exchange,Yahoo Finance
MOMENT,MOMENT.ST,Stockholm Stock Exchange,Yahoo Finance
SAFETY B,SAFETY-B.ST,Stockholm Stock Exchange,Yahoo Finance
NICA,NICA.ST,Stockholm Stock Exchange,Yahoo Finance
NAXS,NAXS.ST,Stockholm Stock Exchange,Yahoo Finance
NELLY,NELLY.ST,Stockholm Stock Exchange,Yahoo Finance
NETEL,NETEL.ST,Stockholm Stock Exchange,Yahoo Finance
NGS,NGSST,Stockholm Stock Exchange,Yahoo Finance
NIL B,NIL-B.ST,Stockholm Stock Exchange,Yahoo Finance
NORB B,NORB-B.ST,Stockholm Stock Exchange,Yahoo Finance
NTEK B,NTEK-B.ST,Stockholm Stock Exchange,Yahoo Finance
ONCO,ONCOST,Stockholm Stock Exchange,Yahoo Finance
ORX,ORXST,Stockholm Stock Exchange,Yahoo Finance
OVZON,OVZON.ST,Stockholm Stock Exchange,Yahoo Finance
PIERCE,PIERCE.ST,Stockholm Stock Exchange,Yahoo Finance
PION B,PION-B.ST,Stockholm Stock Exchange,Yahoo Finance
PREC,PRECST,Stockholm Stock Exchange,Yahoo Finance
PREV B,PREV-B.ST,Stockholm Stock Exchange,Yahoo Finance
PROF B,PROF-B.ST,Stockholm Stock Exchange,Yahoo Finance
PENG B,PENG-B.ST,Stockholm Stock Exchange,Yahoo Finance
QLINEA,QLINEA.ST,Stockholm Stock Exchange,Yahoo Finance
QLIRO,QLIRO.ST,Stockholm Stock Exchange,Yahoo Finance
RAIL,RAILST,Stockholm Stock Exchange,Yahoo Finance
SANION,SANION.ST,Stockholm Stock Exchange,Yahoo Finance
SEAF,SEAF.ST,Stockholm Stock Exchange,Yahoo Finance
SGG,SGGST,Stockholm Stock Exchange,Yahoo Finance
SEZI,SEZI.ST,Stockholm Stock Exchange,Yahoo Finance
SINT,SINTST,Stockholm Stock Exchange,Yahoo Finance
SIVE,SIVE.ST,Stockholm Stock Exchange,Yahoo Finance
SLEEP,SLEEP.ST,Stockholm Stock Exchange,Yahoo Finance
SOF B,SOF-B.ST,Stockholm Stock Exchange,Yahoo Finance
SFAB,SFAB.ST,Stockholm Stock Exchange,Yahoo Finance
STAR A,STAR-A.ST,Stockholm Stock Exchange,Yahoo Finance
STAR B,STAR-B.ST,Stockholm Stock Exchange,Yahoo Finance
STWK,STWKST,Stockholm Stock Exchange,Yahoo Finance
SVIK,SVIK.ST,Stockholm Stock Exchange,Yahoo Finance
SVED B,SVED-B.ST,Stockholm Stock Exchange,Yahoo Finance
SYNACT,SYNACT.ST,Stockholm Stock Exchange,Yahoo Finance
TOBII,TOBII.ST,Stockholm Stock Exchange,Yahoo Finance
TRAD,TRADST,Stockholm Stock Exchange,Yahoo Finance
TRANS,TRANS.ST,Stockholm Stock Exchange,Yahoo Finance
VICO,VICO.ST,Stockholm Stock Exchange,Yahoo Finance
VIVE,VIVEST,Stockholm Stock Exchange,Yahoo Finance
WTW A,WTW-A.ST,Stockholm Stock Exchange,Yahoo Finance
WISE,WISEST,Stockholm Stock Exchange,Yahoo Finance
WBGR B,WBGR-B.ST,Stockholm Stock Exchange,Yahoo Finance
XBRANE,XBRANE.ST,Stockholm Stock Exchange,Yahoo Finance
XSPRAY,XSPRAY.ST,Stockholm Stock Exchange,Yahoo Finance
